ticker,company_name,date,headline
XAC,Xac Bank,2026-08-25,"DIVIDEND DECLARATION BY ""XACBANK"" JSC"
XAC,Xac Bank,2026-02-24,"DIVIDEND DECLARATION BY ""XAC BANK"" JSC"
XAC,Xac Bank,2025-10-07,"DIVIDEND DISTRIBUTION BY ""XACBANK"" JSC FROM NET PROFIT OF THE FIRST HALF OF 2025"
XAC,Xac Bank,2025-02-19,"DIVIDEND DECLARATION BY “XAC BANK"" JSC"
XAC,Xac Bank,2024-07-19,"DIVIDEND DECLARATION BY ""XAC BANK"" JSC"
XAC,Xac Bank,2024-02-20,"DIVIDEND DECLARATION BY “XAC BANK"" JSC"
TUM,Tumen shuvuut,2026-02-16,"DIVIDEND DECLARATION BY ""TUMEN SHUVUUT"" JSC"
TUM,Tumen shuvuut,2024-02-21,"DIVIDEND DECLARATION BY “TUMEN SHUVUUT"" JSC"
TUM,Tumen shuvuut,2023-02-17,"DIVIDEND  DECLARATION BY ""TUMEN SHUVUUT"" JSC"
TTL,Tavantolgoi,2026-02-16,"DIVIDEND DECLARATION BY ""TAVANTOLGOI"" JSC"
TTL,Tavantolgoi,2025-02-18,"DIVIDEND DECLARATION BY “TAVANTOLGOI"" JSC"
TTL,Tavantolgoi,2024-02-22,"DIVIDEND DECLARATION BY “TAVAN TOLGOI"" JSC"
TTL,Tavantolgoi,2023-08-03,"DIVIDEND DECLARATION BY ""TAVANTOLGOI"" JSC  FROM 2022 NET PROFIT"
TTL,Tavantolgoi,2022-02-21,"DIVIDEND DECLARATION BY ""TAVANTOLGOI"" JSC"
TDB,TDB,2026-03-24,"DIVIDEND DECLARATION BY ""TRADE AND DEVELOPMENT BANK"" JSC"
TDB,TDB,2024-04-08,"DIVIDEND DECLARATION BY “TRADE DEVELOPMENT BANK"" JSC"
TDB,TDB,2024-02-20,"DIVIDEND DECLARATION BY “TRADE DEVELOPMENT BANK"" JSC"
SUU,Historical prices of bond Suu,2025-02-18,"DIVIDEND DECLARATION BY “SUU"" JSC"
SUU,Historical prices of bond Suu,2024-08-20,"DIVIDEND DECLARATION BY ""SUU"" JSC"
SUU,Historical prices of bond Suu,2024-02-16,"DIVIDEND DECLARATION BY “SUU"" JSC"
SUU,Historical prices of bond Suu,2023-02-20,"DIVIDEND DECLARATION BY ""SUU"" JSC"
SUU,Historical prices of bond Suu,2022-08-22,"DIVIDEND DECLARATION BY ""SUU"" JSC"
SUU,Historical prices of bond Suu,2022-02-18,"DIVIDEND DECLARATION BY ""SUU"" JSC"
SEND,Sendly NBFI JSC,2025-02-20,"DIVIDEND DECLARATION BY ""SENDLY NBFI"" JSC"
SEND,Sendly NBFI JSC,2024-02-19,"DIVIDEND DECLARATION BY “SENDLY NBFI"" JSC"
SEND,Sendly NBFI JSC,2023-02-10,"DIVIDEND DECLARATION BY ""SENDLY NBFI"" JSC"
SBM,State Bank,2026-02-16,"DIVIDEND DECLARATION BY ""STATE BANK"" JSC"
SBM,State Bank,2025-02-18,"DIVIDEND DECLARATION BY “STATE BANK"" JSC"
SBM,State Bank,2024-02-20,DIVIDEND DECLARATION BY “STATE BANK” JSC
QPAY,Innovation Investment,2026-07-30,"DIVIDEND DECLARATION BY ""INNOVATION INVESTMENT"" JSC"
QPAY,Innovation Investment,2026-02-16,"DIVIDEND DECLARATION BY ""INNOVATION INVESTMENT"" JSC"
QPAY,Innovation Investment,2025-02-10,"DIVIDEND DECLARATION BY ""INNOVATION INVESTMENT"" JSC"
QPAY,Innovation Investment,2024-12-18,"DIVIDEND DECLARATION BY ""INNOVATION INVESTMENT"" JSC"
QPAY,Innovation Investment,2024-02-19,"DIVIDEND DECLARATION BY “INNOVATION INVESTMENT"" JSC"
MSE,Mongolian Stock Exchange,2024-03-19,"DIVIDEND DISTRIBUTION DAY OF ""MONGOLIAN STOCK EXCHANGE"" JSC HAS BEEN CHANGED"
MSE,Mongolian Stock Exchange,2024-02-16,"DIVIDEND DECLARATION BY “MONGOLIAN STOCK EXCHANGE"" JSC"
MNDL,Mandal Insurance,2025-02-20,"DIVIDEND DECLARATION BY ""MANDAL INSURANCE"" JSC"
MNDL,Mandal Insurance,2022-02-18,"DIVIDEND DECLARATION BY ""MANDAL INSURANCE"" JSC"
LEND,LendMN,2025-02-07,"DIVIDEND DECLARATION BY ""LEND MN NBFI"" JSC"
LEND,LendMN,2024-02-06,"DIVIDEND DECLARATION BY ""LENDMN NBFI"" JSC"
LEND,LendMN,2023-02-10,"DIVIDEND DECLARATION BY ""LENDMN NBFI"" JSC"
LEND,LendMN,2022-02-09,"DIVIDEND DECLARATION BY ""LENDMN NBFI"" JSC"
KHAN,Khan bank JSC,2026-02-24,"DIVIDEND DECLARATION BY ""KHAN BANK"" JSC"
KHAN,Khan bank JSC,2025-02-14,"DIVIDEND DECLARATION BY ""KHAN BANK"" JSC"
KHAN,Khan bank JSC,2024-02-19,"DIVIDEND DECLARATION BY “KHAN BANK"" JSC"
INV,Invescore NBFI JSC,2025-02-11,"DIVIDEND DECLARATION BY ""INVESCORE NBFI"" JSC"
INV,Invescore NBFI JSC,2024-02-19,"DIVIDEND DECLARATION BY “INVESCORE NBFI"" JSC"
INV,Invescore NBFI JSC,2022-02-21,"DIVIDEND DECLARATION BY ""INVESCORE NBFI"" JSC"
GLMT,Golomt Bank,2026-02-16,"DIVIDEND DECLARATION BY ""GOLOMT BANK"" JSC"
GLMT,Golomt Bank,2025-02-18,"DIVIDEND DECLARATION BY “GOLOMT BANK"" JSC"
GLMT,Golomt Bank,2024-02-16,"DIVIDEND DECLARATION BY “GOLOMT BANK"" JSC"
GLMT,Golomt Bank,2023-02-17,"DIVIDEND DECLARATION BY ""GOLOMT BANK"" JSC"
APU,APU,2026-02-13,"DIVIDEND DECLARATION BY ""APU"" JSC"
APU,APU,2025-02-11,"DIVIDEND DECLARATION BY ""APU"" JSC"
APU,APU,2024-08-02,"DIVIDEND DECLARATION BY ""APU"" JSC"
APU,APU,2024-02-19,"DIVIDEND DECLARATION BY “APU"" JSC"
APU,APU,2023-08-10,"DIVIDEND DECLARATION BY ""APU"" JSC FROM HALF-YEAR OF 2023 NET PROFIT"
APU,APU,2023-02-13,"DIVIDEND DECLARATION BY ""APU"" JSC"
APU,APU,2022-02-18,"DIVIDEND DECLARATION BY ""APU"" JSC"
AARD,Ard financial group,2022-02-18,"DIVIDEND DECLARATION BY ""ARD FINANCIAL GROUP"" JSC"
AARD,Ard financial group,2021-02-15,LIST OF COMPANIES THAT DECIDE NOT TO PAY DIVIDENDS
