ticker,company_name,year,total_assets,total_liabilities,total_equity,issued_shares,sales_revenue,cost_of_sales,gross_profit,net_income,book_value_per_share,roa,roe,rota,eps,pe_ratio
AARD,Ard financial group,2009,113994700.0,29000.0,113965700.0,53223.0,0.0,0.0,0.0,0.0,2141.0,0.0,0.0,0.0,0.0,0.0
AARD,Ard financial group,2010,113994700.0,29000.0,113965700.0,53223.0,0.0,0.0,0.0,0.0,2141.0,0.0,0.0,0.0,0.0,0.0
AARD,Ard financial group,2013,3102370900.0,159590200.0,2942780700.0,1665938.0,0.0,0.0,173836400.0,0.0,1766.0,0.0,0.0,0.056,104.3475,18.9559
AARD,Ard financial group,2014,82779276900.0,20945455300.0,61833821600.0,28614263.0,4371094100.0,0.0,715920500.0,0.0,2161.0,0.0,0.0,0.0086,25.0197,140.1295
AARD,Ard financial group,2015,73307564300.0,22483235800.0,50824328500.0,28614263.0,368776400.0,0.0,777161200.0,0.0,1776.0,0.0,0.0,0.0106,27.1599,42.6363
AARD,Ard financial group,2016,80379860000.0,22721514200.0,57658345800.0,28614263.0,5252438800.0,0.0,1430339300.0,0.0,2015.0,0.0,0.0,0.0178,49.9869,70.1383
AARD,Ard financial group,2017,451858186000.0,69237478900.0,382620707100.0,28614263.0,9268499200.0,0.0,4630467000.0,0.0,13372.0,0.0,0.0,0.0102,161.8237,46.0068
AARD,Ard financial group,2018,332610635400.0,69314617700.0,263296017700.0,28614263.0,22212613200.0,0.0,1334788100.0,0.0,9202.0,0.0,0.0,0.004,46.6476,75.1592
AARD,Ard financial group,2025,113505098767.0,73486359464.0,40018739304.0,24445903.0,2677725951.0,0.0,2677725951.0,389176939.0,1637.0,0.0034,0.0097,0.0236,109.5368,27.525
APU,APU,2009,291069787300.0,147884315500.0,143185471800.0,742877000.0,208055307700.0,142012623000.0,2850993300.0,0.0,193.0,0.0,0.0,0.0098,3.8378,77.5215
APU,APU,2010,280058221200.0,121666012500.0,158392208700.0,742877000.0,108443059200.0,75565423600.0,15948413100.0,0.0,213.0,0.0,0.0,0.0569,21.4684,18.0707
APU,APU,2011,632914478600.0,125988816900.0,505442743300.0,1064181553.0,234606134200.0,164218127400.0,24871941700.0,0.0,475.0,0.0,0.0,0.0393,23.3719,25.8327
APU,APU,2012,609808704000.0,99516538400.0,510292165600.0,1064181553.0,99475772900.0,64508484100.0,13851969300.0,0.0,480.0,0.0,0.0,0.0227,13.0165,41.4857
APU,APU,2013,530446697700.0,86268630900.0,442824013300.0,1062974743.0,512928466000.0,287403788800.0,57851658700.0,0.0,417.0,0.0,0.0,0.1091,54.4243,23.4638
APU,APU,2014,512246001000.0,129149221900.0,383096779100.0,1064181553.0,102290956100.0,63656889000.0,9275729500.0,0.0,360.0,0.0,0.0,0.0181,8.7163,68.7023
APU,APU,2015,536709188100.0,55415610500.0,479421647700.0,1062974743.0,468645289700.0,256169256200.0,74411450100.0,0.0,451.0,0.0,0.0,0.1386,70.003,18.2421
APU,APU,2016,581216633400.0,109052178300.0,472164455100.0,1064181553.0,198298786400.0,139720193400.0,41168156400.0,0.0,444.0,0.0,0.0,0.0708,38.6853,15.2508
APU,APU,2017,556246098100.0,94294376300.0,455835096000.0,1062974743.0,491204352500.0,257126020900.0,89026939300.0,0.0,429.0,0.0,0.0,0.16,83.7526,15.2473
APU,APU,2019,617329136000.0,112536189000.0,504709145200.0,1062974743.0,669724030000.0,341762248800.0,153527647500.0,0.0,475.0,0.0,0.0,0.2487,144.4321,8.8415
APU,APU,2021,843607334000.0,210414439300.0,603029788100.0,1062974743.0,838822711700.0,483720356700.0,124839114800.0,0.0,567.0,0.0,0.0,0.148,117.4432,10.8733
APU,APU,2022,0.0,106418200300.0,0.0,1062974743.0,517884786826439.0,291330652236679.0,71672186840890.0,0.0,0.0,,,,67426.0487,0.0189
APU,APU,2023,782638887643.0,138056426530.0,644582461113.0,1064181553.0,759196509234.0,516285024147.0,242911485086.0,154545477651.0,606.0,0.1975,0.2398,0.3104,228.2613,5.3053
APU,APU,2024,830136302729.0,118158772412.0,711977530317.0,1064181553.0,412752615074.0,253669135564.0,159083479510.0,114219057536.0,669.0,0.1376,0.1604,0.1916,149.489,8.1009
APU,APU,2025,1078556029000.0,283556436000.0,775351480500.0,1064060872.0,1327522591000.0,680502489000.0,647020102000.0,192890852000.0,729.0,0.1788,0.2488,0.5999,608.0668,1.9916
APU,APU,2026,1242841927606.0,387596309600.0,818943444300.0,1064060872.0,652534717663.0,330236177878.0,322298539785.0,97646135596.0,770.0,0.0786,0.1192,0.2593,302.8948,3.1964
CUMN,Premium Nexus JSC,2022,244247900225.0,182879772271.0,0.0,1114252034.0,263631863579.0,232532092653.0,10652538689.0,0.0,0.0,0.0,,0.0436,9.5603,15.5299
CUMN,Premium Nexus JSC,2023,314092429659.0,210292729402.0,103799700257.0,1114252034.0,598378661318.0,518212423331.0,80166237988.0,48413384879.0,93.0,0.1541,0.4664,0.2552,71.9462,2.0636
CUMN,Premium Nexus JSC,2025,377796847800.0,259289705048.0,118507141754.0,1114252034.0,362080013039.0,313243011840.0,48837001199.0,15718332234.0,106.0,0.0416,0.1326,0.1293,43.8294,4.7395
CUMN,Premium Nexus JSC,2026,408529481333.0,277407131338.0,131122349995.0,1114252034.0,587084313969.0,505064050071.0,82020263899.0,26392184094.0,118.0,0.0646,0.2013,0.2008,73.6102,2.822
MFG,History of net asset value Mandal Future Growth,2018,51173753800.0,172269600.0,51001484200.0,50000000.0,0.0,0.0,596700300.0,0.0,1020.0,0.0,0.0,0.0117,11.934,82.9562
MFG,History of net asset value Mandal Future Growth,2019,51173753800.0,172269600.0,51001484200.0,50000000.0,0.0,0.0,596700300.0,0.0,1020.0,0.0,0.0,0.0117,11.934,82.9562
MFG,History of net asset value Mandal Future Growth,2020,52910922100.0,52481400.0,52858440700.0,50000000.0,0.0,0.0,1855060100.0,0.0,1057.0,0.0,0.0,0.0351,37.1012,21.913
MFG,History of net asset value Mandal Future Growth,2021,55702277100.0,765704300.0,54936572800.0,50000000.0,0.0,0.0,4122469100.0,0.0,1099.0,0.0,0.0,0.074,82.4494,11.6883
MFG,History of net asset value Mandal Future Growth,2023,60330336100.0,890946900.0,59439389200.0,50000000.0,0.0,0.0,5616194300.0,0.0,1189.0,0.0,0.0,0.0931,112.3239,6.6958
MFG,History of net asset value Mandal Future Growth,2025,70926468536.0,3136198141.0,67790270896.0,50000000.0,0.0,0.0,0.0,8390844612.0,1356.0,0.1183,0.1238,0.0,0.0,0.0
QPAY,Innovation Investment,2020,0.0,0.0,0.0,184889160.0,13237510103.0,6041014543.0,7196495560.0,5696163389.0,0.0,,,,38.9233,6.0776
QPAY,Innovation Investment,2021,21057608876.0,3153055933.0,17904552943.0,184889160.0,10947430032.0,4472238510.0,5275062020.0,0.0,97.0,0.0,0.0,0.2505,28.5309,8.2913
QPAY,Innovation Investment,2022,21711376362.0,6431459821.0,15279916540.0,184889160.0,26231629402.0,12051045429.0,14180583972.0,10026153601.0,83.0,0.4618,0.6562,0.6531,76.6978,3.0843
QPAY,Innovation Investment,2023,25986896718.0,7052905366.0,18933991352.0,184889160.0,7535407195.0,3114642330.0,4420764865.0,3654074811.0,102.0,0.1406,0.193,0.1701,23.9104,9.8936
QPAY,Innovation Investment,2024,25306646566.0,2439411956.0,22867234610.0,184889160.0,16454824779.0,6776764077.0,9678060701.0,7317476830.0,124.0,0.2892,0.32,0.3824,52.3452,3.7211
QPAY,Innovation Investment,2025,29078304338.0,2724447040.0,26353857298.0,184889160.0,26454732998.0,11600736354.0,14853996644.0,10804099518.0,143.0,0.3716,0.41,0.5108,80.34,2.4244
SUU,Historical prices of bond Suu,2009,50307005300.0,24043883100.0,26263122200.0,344000000.0,70263548800.0,49877069600.0,5706420800.0,0.0,76.0,0.0,0.0,0.1134,16.5884,12.5829
SUU,Historical prices of bond Suu,2010,62605049500.0,32154147300.0,30450902200.0,344000000.0,37235013200.0,26160317500.0,4187780000.0,0.0,89.0,0.0,0.0,0.0669,12.1738,15.2582
SUU,Historical prices of bond Suu,2011,63543925500.0,38220309300.0,25323616200.0,344000000.0,73945342200.0,52689115300.0,5667988900.0,0.0,74.0,0.0,0.0,0.0892,16.4767,12.6682
SUU,Historical prices of bond Suu,2012,66703609300.0,39257971300.0,27445638000.0,344000000.0,38471157800.0,29224273600.0,2078257100.0,0.0,80.0,0.0,0.0,0.0312,6.0414,32.2804
SUU,Historical prices of bond Suu,2013,69170956100.0,37559007100.0,31611949000.0,343061914.0,79157295700.0,55542542000.0,6201457300.0,0.0,92.0,0.0,0.0,0.0897,18.0768,11.7394
SUU,Historical prices of bond Suu,2015,84514600900.0,51533400100.0,32981200800.0,343061914.0,100397003700.0,73179938500.0,9400786100.0,0.0,96.0,0.0,0.0,0.1112,27.4026,14.2764
SUU,Historical prices of bond Suu,2016,90137452500.0,55365178500.0,34772274000.0,343061914.0,53351042200.0,39470589400.0,3162750800.0,0.0,101.0,0.0,0.0,0.0351,9.2192,56.4703
SUU,Historical prices of bond Suu,2019,121243586838.0,71277261047.0,49966325791.0,343061914.0,147793352846.0,102545317393.0,45248035453.0,15639297302.0,146.0,0.129,0.313,0.3732,131.8947,2.6211
SUU,Historical prices of bond Suu,2021,131221409589.0,72864809741.0,58356599848.0,343061914.0,95981599133.0,65609248073.0,30372351061.0,12166182007.0,170.0,0.0927,0.2085,0.2315,88.5331,3.9049
SUU,Historical prices of bond Suu,2023,155438595963030.0,96837070822840.0,58601525140190.0,343132157.0,192399370626410.0,134849708271990.0,57549662354420.0,16048308163490.0,170784.0,0.1032,0.2739,0.3702,167718.6506,0.0021
SUU,Historical prices of bond Suu,2024,167044885689.0,100491217567.0,66553668122.0,343132157.0,115031155557.0,81256120386.0,33775035171.0,6890638420.0,194.0,0.0413,0.1035,0.2022,98.4316,6.9083
SUU,Historical prices of bond Suu,2025,176840444213200.0,109639525442830.0,67200918770370.0,343132157.0,164671472348580.0,116700406233350.0,47971066115230.0,9596682010860.0,195846.0,0.0543,0.1428,0.2713,139803.4697,0.0049
TTL,Tavantolgoi,2009,169888202800.0,85825887600.0,84062315200.0,52665200.0,255013744000.0,170582183900.0,57189842600.0,0.0,1596.0,0.0,0.0,0.3366,1085.9133,6.1009
TTL,Tavantolgoi,2010,272838804200.0,105891547200.0,166947257000.0,52665200.0,427930350000.0,233763614600.0,141054644100.0,0.0,3170.0,0.0,0.0,0.517,2678.3273,3.8307
TTL,Tavantolgoi,2011,145907092400.0,86626387900.0,59280704500.0,52665200.0,90493295100.0,61148096800.0,19256579500.0,0.0,1126.0,0.0,0.0,0.132,365.6414,21.5648
TTL,Tavantolgoi,2012,157594846500.0,67156994000.0,90437852500.0,52665200.0,226360600600.0,159581281300.0,52858107900.0,0.0,1717.0,0.0,0.0,0.3354,1003.6629,6.6706
TTL,Tavantolgoi,2013,144531117100.0,77316082600.0,67215034500.0,52665200.0,123729621600.0,92918095600.0,23013969300.0,0.0,1276.0,0.0,0.0,0.1592,436.9863,15.3437
TTL,Tavantolgoi,2014,122265515100.0,32736845700.0,89528669400.0,52665200.0,263521783200.0,201116418300.0,48062652700.0,0.0,1700.0,0.0,0.0,0.3931,912.6074,7.0731
TTL,Tavantolgoi,2015,105151065500.0,54948271700.0,50202793800.0,52665200.0,91686851900.0,85836594100.0,3912236500.0,0.0,953.0,0.0,0.0,0.0372,74.285,75.1834
TTL,Tavantolgoi,2016,140102360600.0,64027158600.0,76075202000.0,52665200.0,254181245100.0,210357174600.0,31345182600.0,0.0,1445.0,0.0,0.0,0.2237,595.1783,12.408
TTL,Tavantolgoi,2025,783424460322.0,0.0,783424460322.0,52665200.0,1158398002569.0,589030425656.0,569367576913.0,412355270316.0,14876.0,0.5263,0.5263,0.7268,10811.0778,1.6474
TTL,Tavantolgoi,2026,546348555545.0,345494740977.0,200853814568.0,52665200.0,198085515130.0,114230463602.0,83855051528.0,64157190920.0,3814.0,0.1174,0.3194,0.1535,1592.2289,16.7438
TUM,Tumen shuvuut,2013,17454709200.0,6102679600.0,11352029600.0,200000000.0,17321385500.0,15621515000.0,2661513700.0,0.0,57.0,0.0,0.0,0.1525,13.3076,13.6516
TUM,Tumen shuvuut,2014,26783992700.0,3947537600.0,22836455100.0,200000000.0,10456183500.0,7173872900.0,2067104000.0,0.0,114.0,0.0,0.0,0.0772,10.3355,16.9213
TUM,Tumen shuvuut,2015,30695911900.0,7776649500.0,22919262400.0,200000000.0,20106273900.0,13994086100.0,3232949300.0,0.0,115.0,0.0,0.0,0.1053,16.1647,9.5925
TUM,Tumen shuvuut,2016,34592360200.0,9613760300.0,24978599900.0,200000000.0,11674086700.0,8034456000.0,2022207100.0,0.0,125.0,0.0,0.0,0.0585,10.111,15.1617
TUM,Tumen shuvuut,2018,37608069100.0,7830309200.0,29777759900.0,200000000.0,20316967400.0,13769588900.0,4513840600.0,0.0,149.0,0.0,0.0,0.12,22.5692,9.6862
TUM,Tumen shuvuut,2020,54416500000.0,20951705400.0,33464794600.0,200000000.0,21125042300.0,14713994800.0,3734310100.0,0.0,167.0,0.0,0.0,0.0686,18.6716,22.033
TUM,Tumen shuvuut,2023,0.0,0.0,0.0,200000000.0,62772265003.0,41681601368.0,11408763702.0,0.0,0.0,,,,57.0438,5.7954
TUM,Tumen shuvuut,2024,0.0,0.0,0.0,200000000.0,38626568209.0,24756003899.0,8337813050.0,0.0,0.0,,,,41.6891,7.9299
TUM,Tumen shuvuut,2025,0.0,0.0,0.0,200000000.0,78058373344580.0,50963098449340.0,13967614318420.0,13967614318420.0,0.0,,,,69838.0716,0.0047
TUM,Tumen shuvuut,2026,105327298.0,43879281.0,105327298.0,200000000.0,43144117.0,29439959.0,13704158.0,7290541.0,1.0,0.0692,0.0692,0.1301,0.0685,5180.9092
XOC,History of net asset value National Privatization Fund,2021,5466754800.0,245774700.0,5220980100.0,50000000.0,0.0,0.0,18293600.0,0.0,104.0,0.0,0.0,0.0033,0.3659,716.0974
XOC,History of net asset value National Privatization Fund,2022,8082564700.0,316169700.0,7766395000.0,50000000.0,0.0,0.0,2545414900.0,0.0,155.0,0.0,0.0,0.3149,50.9083,5.0243
XOC,History of net asset value National Privatization Fund,2023,10159576000.0,531183700.0,9628392300.0,50000000.0,0.0,0.0,4407412200.0,0.0,193.0,0.0,0.0,0.4338,88.1482,1.3035
XOC,History of net asset value National Privatization Fund,2026,6800616656.0,45545822.0,6755070834.0,50000000.0,0.0,0.0,0.0,379648298.0,135.0,0.0558,0.0562,0.0,0.0,0.0
